ZTFID,IAUName
ZTF18aabteyx,2018mgu
ZTF18aajgowk,2018mgw
ZTF18aajkgtr,2018mgx
ZTF18aamdjfh,2018mgv
ZTF18aaqzdge,2018mgy
ZTF18aathofv,2018mgz
ZTF18aawlezq,2018mha
ZTF18aawonvg,2018mhb
ZTF18aaxmjit,2018mhc
ZTF18aaxqwnd,2018mhd
ZTF18aaxzhzf,2018mhe
ZTF18aayyedm,2018mhf
ZTF18abhttmr,2018mhg
ZTF18abiitmq,2018mhh
ZTF18abjicev,2018mhi
ZTF18abkmfaj,2018mhj
ZTF18ablwatx,2018mhk
ZTF18abnysyy,2018mhl
ZTF18abolrnr,2018mhm
ZTF18abpucqe,2018mhn
ZTF18abrlhnm,2018mho
ZTF18abrlurr,2018mhp
ZTF18abrwqti,2018mhq
ZTF18abscetq,2018mhr
ZTF18abscghc,2018mhs
ZTF18absdgly,2018mht
ZTF18abshfmb,2018mhu
ZTF18abskrcm,2018mhv
ZTF18absljlb,2018mhw
ZTF18absllcn,2018mhx
ZTF18absloog,2018mhy
ZTF18absmsbm,2018mhz
ZTF18absopva,2018mia
ZTF18absqohp,2018mib
ZTF18absquza,2018mic
ZTF18absrljp,2018mid
ZTF18abtflop,2018mie
ZTF18abtigie,2018mif
ZTF18abtlxae,2018mig
ZTF18abtmnha,2018mih
ZTF18abtnwpa,2018mii
ZTF18abtotsq,2018mij
ZTF18abtpgms,2018mik
ZTF18abtptey,2018mil
ZTF18abtqceg,2018mim
ZTF18abtqidt,2018min
ZTF18abuahio,2018mio
ZTF18abubjqi,2018mip
ZTF18abufwxs,2018miq
ZTF18abuvqgo,2018mir
ZTF18abuxgmk,2018mis
ZTF18abuyomg,2018mit
ZTF18abvctat,2018miu
ZTF18abvexiz,2018miv
ZTF18abvrgjc,2018miw
ZTF18abvywcl,2018mix
ZTF18abwblyl,2018miy
ZTF18abwqgsc,2018miz
ZTF18abwsfdy,2018mja
ZTF18abxfott,2018mjb
ZTF18abxthsc,2019aati
ZTF18acajloc,2018mjc
ZTF18acbvgtj,2018mjd
ZTF18acbvzsi,2018mje
ZTF18acbwele,2018mjf
ZTF18acbxrft,2018mjg
ZTF18acbzvfj,2018mjh
ZTF18acbzvow,2018mji
ZTF18acchzlc,2018mjj
ZTF18accjwbc,2018mjk
ZTF18accjyim,2018mjl
ZTF18acckcfr,2018mjm
ZTF18accndre,2018mjn
ZTF18accvkpt,2018mjo
ZTF18accwild,2018mjp
ZTF18acegbeo,2018mjq
ZTF18acehtvv,2018mjr
ZTF18aceitqw,2018mjs
ZTF18acevgyz,2018mjt
ZTF18achdign,2018mju
ZTF18acmyfyu,2018mjv
ZTF18acmymdx,2018mjw
ZTF18acnmicp,2018mjx
ZTF18acnneyt,2018mjy
ZTF18acnnfqr,2018mjz
ZTF18acqzakw,2018mka
ZTF18acurkik,2018mkb
ZTF18acvgmpx,2018mkc
ZTF18acvwkvc,2018mkd
ZTF18acwtrfe,2018mke
ZTF18acwworr,2018mkf
ZTF18acwyauj,2018mkg
ZTF18acyxxen,2018mkh
ZTF18aczzvtw,2018mki
ZTF18aczzwjf,2018mkj
ZTF18adaksjk,2018mkk
ZTF18adazgwk,2018mkl
ZTF18adcbkiq,2018mkm
ZTF19aaaefkt,2018mkn
ZTF19aaaeuxz,2019aatj
ZTF19aaafmjk,2019aatk
ZTF19aaafotc,2019aatl
ZTF19aaajbre,2018mko
ZTF19aaapdum,2019aatm
ZTF19aacwiqw,2019aatn
ZTF19aacyrdk,2019aato
ZTF19aadgceq,2019aatp
ZTF19aavoqbe,2019aatq
ZTF19abiinmg,2019aatr
ZTF19abljudj,2019aats
ZTF20abribtl,2020affe
ZTF20abztvjb,2020afff
ZTF20acbptqx,2020affg
ZTF20acfamrq,2020affh
ZTF20achofuu,2021ahwo
ZTF20acipeqz,2020affi
ZTF20ackjgbt,2020affj
ZTF20acmsesb,2020affk
ZTF20acnbhsq,2020affl
ZTF20acnexgl,2020affm
ZTF20acngnvf,2020affn
ZTF20acnviuc,2020affo
ZTF20acnvoql,2020affp
ZTF20acnzpsj,2020affq
ZTF20acnztaa,2020affr
ZTF20acnzzlo,2020affs
ZTF20acotzgs,2020afft
ZTF20acpggpe,2020affu
ZTF20acpskkx,2020affv
ZTF20acpxtkj,2020affw
ZTF20acpzjsk,2020affx
ZTF20acrktth,2020affy
ZTF20acrssoi,2020affz
ZTF20acsfdpi,2020afga
ZTF20actkqax,2020afgb
ZTF20acuhlsk,2020afgc
ZTF20acusjnl,2020afgd
ZTF20acxyrkk,2020afge
ZTF20acyroio,2021ahwp
ZTF21aaahiba,2021ahwq
ZTF21aaaolli,2021ahwr
ZTF21aaaxnnv,2021ahws
ZTF21aaayfre,2021ahwt
ZTF21aabyoxk,2021ahwu
ZTF21aacuckk,2021ahwv
ZTF21aadplfw,2021ahww
ZTF21aadrrbf,2021ahwx
ZTF21aadruuo,2021ahwy
ZTF21aadsosc,2021ahwz
ZTF21aaekerb,2021ahxa
ZTF21aaewjmq,2021ahxb
ZTF21aagkynz,2021ahxc
ZTF21aagtspb,2021ahxd
ZTF21aagywat,2021ahxe
ZTF21aahhegg,2021ahxf
ZTF21aaiahsu,2021ahxg
ZTF21aaiaqvc,2021ahxh
ZTF21aaiqdbp,2021ahxi
ZTF21aaiqdkm,2021ahxj
ZTF21aaiqifj,2021ahxk
ZTF21aaitqpu,2021ahxl
ZTF21aakitay,2021ahxm
ZTF21aakjxhg,2021ahxn
ZTF21aalgiex,2021ahxo
ZTF21aalimxp,2021ahxp
ZTF21aantmww,2021ahxq
ZTF21aaoijsw,2021ahxr
ZTF21aapjzyl,2021ahxs
ZTF21aaqgmfz,2021ahxt
ZTF21aarbdjl,2021ahxu
ZTF21aardvtr,2021ahxv
ZTF21aarffuz,2021ahxw
ZTF21aarhnil,2021ahxx
ZTF21aarnxig,2021ahxy
ZTF21aarspet,2021ahxz
ZTF21aarvysz,2021ahya
ZTF21aasjilo,2021ahyb
ZTF21aasjlxg,2021ahyc
ZTF21aasttsm,2021ahyd
ZTF21aatbbjt,2021ahye
ZTF21aathago,2021ahyf
ZTF21aatwoxq,2021ahyg
ZTF21aavdtcy,2021ahyh
ZTF21aawlnxl,2021ahyi
ZTF21aawzmne,2021ahyj
ZTF21aaxslhj,2021ahyk
ZTF21aaxsqht,2021ahyl
ZTF21aaxszmx,2021ahym
ZTF21aayebcv,2021ahyn
ZTF21aayebwx,2021ahyo
ZTF21aayfqtb,2021ahyp
ZTF21aaynwgp,2021ahyq
ZTF21aayotul,2021ahyr
ZTF21aazqpgb,2021ahys
ZTF21aazzciu,2021ahyt
ZTF21abamprv,2021ahyu
ZTF21abbwxbf,2021ahyv
ZTF21abcnhrd,2021ahyw
ZTF21abcopnn,2021ahyx
ZTF21abcothc,2021ahyy
ZTF21abcsifi,2021ahyz
ZTF21abcskis,2021ahza
ZTF21abcsqmp,2021ahzb
ZTF21abcudam,2021ahzc
ZTF21abejeyz,2021ahzd
ZTF21abenlno,2021ahze
ZTF21abezpqc,2021ahzf
ZTF21abfreru,2021ahzg
ZTF21abfspnh,2021ahzh
ZTF21abhsttv,2021ahzi
ZTF21abhzape,2021ahzj
ZTF21abidgad,2021ahzk
ZTF21abigfjv,2021ahzl
ZTF21abjkdli,2021ahzm
ZTF21abjqcmb,2021ahzn
ZTF21abjtxur,2021ahzo
ZTF21abkapuy,2021ahzp
ZTF21abowuoq,2021ahzq
ZTF21abtoqij,2021ahzr
ZTF21abutvjt,2021ahzs
ZTF21abvqzuu,2021ahzt
ZTF21abvtzbv,2021ahzu
ZTF21abvubre,2021ahzv
ZTF21abvufbg,2021ahzw
ZTF21abwulxy,2021ahzx
ZTF21abwymva,2021ahzy
ZTF21abxabce,2021ahzz
ZTF21abxayqz,2021aiaa
ZTF21abxcqfx,2021aiab
ZTF21abxjdtn,2021aiac
ZTF21abxkqry,2021aiad
ZTF21abxoxhb,2021aiae
ZTF21abxyydw,2021aiaf
ZTF21abxzzel,2021aiag
ZTF21abyaetw,2021aiah
ZTF21acblsec,2021aiai
ZTF21aceylki,2021aiaj
ZTF21acguaop,2021aiak
ZTF21achsdxh,2021aial
ZTF21acjotbc,2021aiam
ZTF21acjouhg,2021aian